method,FRic,FEve,FDis,RaoQ,FGR
abundance,0.4533731064821284,-0.03683053979730807,-0.008063105465260545,-0.01286205835353064,0.05827194935719117
abundance filtered,0.782616002943861,-0.06600575750857973,0.14820213419738926,0.11867509410667289,0.6163804816817618
abundance with length,0.5017849541868854,-0.0711311433790656,-0.03828115107607183,-0.0368384785895811,-0.05967908991682738
presence-absence,0.5892246818700947,-0.29043407474185584,-0.03615620918384638,-0.06815412106046313,0.34227860565837237
presence-absence filtered,0.32719354565606873,-0.20079192213560032,0.2246885673745097,0.2377310986093249,0.5205095764139549
